<?xml version = '1.0' encoding = 'UTF-8'?>
<Diagram class="oracle.dbtools.crest.swingui.relational.DPVRelational" name="massage" id="21E840D3-4179-AF24-1199-73D67FE44EF3">
<createdBy>Administrator</createdBy>
<modifiedBy>Administrator</modifiedBy>
<createdTime>2025-08-04 02:25:28 UTC</createdTime>
<autoRoute>false</autoRoute>
<boxInbox>true</boxInbox>
<showLegend>false</showLegend>
<showLabels>false</showLabels>
<showRelAttributes>false</showRelAttributes>
<gridEnabled>false</gridEnabled>
<showGrid>false</showGrid>
<diagramColor>-1</diagramColor>
<display>false</display>
<notation>1</notation>
<objectViews>
<OView class="oracle.dbtools.crest.swingui.relational.TVTable" oid="38A6018C-B0C8-7617-6DA4-FC50AF441F8E" otype="Table" vid="A5111D02-8779-36E1-43B1-39D4C2AB7A4C">
<hideElementsInCurrentOnly>false</hideElementsInCurrentOnly>
<bounds x="115" y="74" width="139" height="255"/>
</OView>
</objectViews>
</Diagram>
