<?xml version = '1.0' encoding = 'UTF-8'?>
<Diagram class="oracle.dbtools.crest.swingui.relational.DPVRelational" name="closed_day_tbl" id="CD73090E-6FDD-065C-CD48-751A0554675B">
<createdBy>Administrator</createdBy>
<modifiedBy>Administrator</modifiedBy>
<createdTime>2025-08-04 05:23:17 UTC</createdTime>
<autoRoute>false</autoRoute>
<boxInbox>true</boxInbox>
<showLegend>false</showLegend>
<showLabels>false</showLabels>
<showRelAttributes>false</showRelAttributes>
<gridEnabled>false</gridEnabled>
<showGrid>false</showGrid>
<diagramColor>-1</diagramColor>
<display>false</display>
<notation>1</notation>
<objectViews>
<OView class="oracle.dbtools.crest.swingui.relational.TVTable" oid="D5CE5AE9-CC07-ECE6-7911-7AFE55D10604" otype="Table" vid="562306DA-992B-A514-6845-A75751ABB5CB">
<hideElementsInCurrentOnly>false</hideElementsInCurrentOnly>
<bounds x="190" y="141" width="311" height="395"/>
</OView>
</objectViews>
</Diagram>